id;nombre;apellidos;email;telefono;dni
1;Card;transform;MaraSoledad.Monroy@hotmail.com;synthesize Operativo archivo;payment Madera
2;AGP Savings maximizada;incubate;Ricardo_Varela78@yahoo.com;Guantes cross-platform;Especialista Violeta Queso
3;driver;Ringgit payment Rojo;Homero90@hotmail.com;Auto Metal;Producto
4;Azul;Joyería Seguridada Arquitecto;LuisMiguel_Maldonado21@gmail.com;Loan facilitate Pelota;calculating online
5;Pollo;Cambridgeshire deposit payment;Guillermo_Anaya58@yahoo.com;Metal synergize focus;Investment Atún Técnico
6;Director;Cine Chalet payment;Gustavo.Jasso91@hotmail.com;Loan mobile Platinum;Madera Loan Gris
7;optimize Moda;Granito evolve Senda;Vernica_Heredia@yahoo.com;firewall;schemas Dollar
8;Técnico;withdrawal Cambridgeshire;Manuela.Quintero97@gmail.com;Galicia Refinado Adelante;B2B neutral incentivize
9;Ngultrum;Public-key;Eduardo_Vzquez@yahoo.com;Interno;Heredado
10;port Berkshire;Gorro Mejorado Inteligente;Vicente2@yahoo.com;Futuro Verde;Buckinghamshire Mascotas vertical
